<annotation>
  <folder>input</folder>
  <filename>img18.jpg</filename>
  <path>C:\Users\shabd\Downloads\OpenLabeling-master\OpenLabeling-master\main\input\img18.jpg</path>
  <source>
    <database>Unknown</database>
  </source>
  <size>
    <width>916</width>
    <height>813</height>
    <depth>3</depth>
  </size>
  <segmented>0</segmented>
  <object>
    <name>heading</name>
    <pose>Unspecified</pose>
    <truncated>0</truncated>
    <difficult>0</difficult>
    <bndbox>
      <xmin>23</xmin>
      <ymin>5</ymin>
      <xmax>785</xmax>
      <ymax>83</ymax>
    </bndbox>
  </object>
</annotation>
