<annotation>
  <folder>input</folder>
  <filename>img17.jpg</filename>
  <path>C:\Users\shabd\Downloads\OpenLabeling-master\OpenLabeling-master\main\input\img17.jpg</path>
  <source>
    <database>Unknown</database>
  </source>
  <size>
    <width>910</width>
    <height>810</height>
    <depth>3</depth>
  </size>
  <segmented>0</segmented>
  <object>
    <name>heading</name>
    <pose>Unspecified</pose>
    <truncated>0</truncated>
    <difficult>0</difficult>
    <bndbox>
      <xmin>21</xmin>
      <ymin>40</ymin>
      <xmax>725</xmax>
      <ymax>116</ymax>
    </bndbox>
  </object>
</annotation>
