<annotation>
  <folder>input</folder>
  <filename>img100.jpg</filename>
  <path>C:\Users\shabd\Downloads\OpenLabeling-master\OpenLabeling-master\main\input\img100.jpg</path>
  <source>
    <database>Unknown</database>
  </source>
  <size>
    <width>523</width>
    <height>676</height>
    <depth>3</depth>
  </size>
  <segmented>0</segmented>
  <object>
    <name>heading</name>
    <pose>Unspecified</pose>
    <truncated>0</truncated>
    <difficult>0</difficult>
    <bndbox>
      <xmin>5</xmin>
      <ymin>9</ymin>
      <xmax>514</xmax>
      <ymax>89</ymax>
    </bndbox>
  </object>
  <object>
    <name>heading</name>
    <pose>Unspecified</pose>
    <truncated>0</truncated>
    <difficult>0</difficult>
    <bndbox>
      <xmin>136</xmin>
      <ymin>297</ymin>
      <xmax>514</xmax>
      <ymax>369</ymax>
    </bndbox>
  </object>
</annotation>
