<annotation>
  <folder>input</folder>
  <filename>img1.jpg</filename>
  <path>C:\Users\shabd\Downloads\OpenLabeling-master\OpenLabeling-master\main\input\img1.jpg</path>
  <source>
    <database>Unknown</database>
  </source>
  <size>
    <width>933</width>
    <height>849</height>
    <depth>3</depth>
  </size>
  <segmented>0</segmented>
  <object>
    <name>heading</name>
    <pose>Unspecified</pose>
    <truncated>0</truncated>
    <difficult>0</difficult>
    <bndbox>
      <xmin>38</xmin>
      <ymin>85</ymin>
      <xmax>41</xmax>
      <ymax>92</ymax>
    </bndbox>
  </object>
  <object>
    <name>heading</name>
    <pose>Unspecified</pose>
    <truncated>0</truncated>
    <difficult>0</difficult>
    <bndbox>
      <xmin>39</xmin>
      <ymin>91</ymin>
      <xmax>792</xmax>
      <ymax>163</ymax>
    </bndbox>
  </object>
</annotation>
