<annotation>
  <folder>input</folder>
  <filename>img16.jpg</filename>
  <path>C:\Users\shabd\Downloads\OpenLabeling-master\OpenLabeling-master\main\input\img16.jpg</path>
  <source>
    <database>Unknown</database>
  </source>
  <size>
    <width>897</width>
    <height>786</height>
    <depth>3</depth>
  </size>
  <segmented>0</segmented>
  <object>
    <name>heading</name>
    <pose>Unspecified</pose>
    <truncated>0</truncated>
    <difficult>0</difficult>
    <bndbox>
      <xmin>9</xmin>
      <ymin>25</ymin>
      <xmax>706</xmax>
      <ymax>101</ymax>
    </bndbox>
  </object>
</annotation>
