<annotation>
  <folder>input</folder>
  <filename>img26.jpg</filename>
  <path>C:\Users\shabd\Downloads\OpenLabeling-master\OpenLabeling-master\main\input\img26.jpg</path>
  <source>
    <database>Unknown</database>
  </source>
  <size>
    <width>966</width>
    <height>816</height>
    <depth>3</depth>
  </size>
  <segmented>0</segmented>
  <object>
    <name>heading</name>
    <pose>Unspecified</pose>
    <truncated>0</truncated>
    <difficult>0</difficult>
    <bndbox>
      <xmin>156</xmin>
      <ymin>199</ymin>
      <xmax>814</xmax>
      <ymax>275</ymax>
    </bndbox>
  </object>
</annotation>
