<annotation>
  <folder>input</folder>
  <filename>img27.jpg</filename>
  <path>C:\Users\shabd\Downloads\OpenLabeling-master\OpenLabeling-master\main\input\img27.jpg</path>
  <source>
    <database>Unknown</database>
  </source>
  <size>
    <width>918</width>
    <height>454</height>
    <depth>3</depth>
  </size>
  <segmented>0</segmented>
  <object>
    <name>heading</name>
    <pose>Unspecified</pose>
    <truncated>0</truncated>
    <difficult>0</difficult>
    <bndbox>
      <xmin>34</xmin>
      <ymin>35</ymin>
      <xmax>754</xmax>
      <ymax>116</ymax>
    </bndbox>
  </object>
</annotation>
