<annotation>
  <folder>input</folder>
  <filename>img23.jpg</filename>
  <path>C:\Users\shabd\Downloads\OpenLabeling-master\OpenLabeling-master\main\input\img23.jpg</path>
  <source>
    <database>Unknown</database>
  </source>
  <size>
    <width>904</width>
    <height>822</height>
    <depth>3</depth>
  </size>
  <segmented>0</segmented>
  <object>
    <name>heading</name>
    <pose>Unspecified</pose>
    <truncated>0</truncated>
    <difficult>0</difficult>
    <bndbox>
      <xmin>8</xmin>
      <ymin>5</ymin>
      <xmax>758</xmax>
      <ymax>85</ymax>
    </bndbox>
  </object>
</annotation>
