<annotation>
  <folder>input</folder>
  <filename>img25.jpg</filename>
  <path>C:\Users\shabd\Downloads\OpenLabeling-master\OpenLabeling-master\main\input\img25.jpg</path>
  <source>
    <database>Unknown</database>
  </source>
  <size>
    <width>892</width>
    <height>813</height>
    <depth>3</depth>
  </size>
  <segmented>0</segmented>
  <object>
    <name>heading</name>
    <pose>Unspecified</pose>
    <truncated>0</truncated>
    <difficult>0</difficult>
    <bndbox>
      <xmin>22</xmin>
      <ymin>53</ymin>
      <xmax>781</xmax>
      <ymax>140</ymax>
    </bndbox>
  </object>
</annotation>
