<annotation>
  <folder>input</folder>
  <filename>img2.jpg</filename>
  <path>C:\Users\shabd\Downloads\OpenLabeling-master\OpenLabeling-master\main\input\img2.jpg</path>
  <source>
    <database>Unknown</database>
  </source>
  <size>
    <width>946</width>
    <height>816</height>
    <depth>3</depth>
  </size>
  <segmented>0</segmented>
  <object>
    <name>heading</name>
    <pose>Unspecified</pose>
    <truncated>0</truncated>
    <difficult>0</difficult>
    <bndbox>
      <xmin>44</xmin>
      <ymin>20</ymin>
      <xmax>786</xmax>
      <ymax>97</ymax>
    </bndbox>
  </object>
</annotation>
