<annotation>
  <folder>input</folder>
  <filename>img22.jpg</filename>
  <path>C:\Users\shabd\Downloads\OpenLabeling-master\OpenLabeling-master\main\input\img22.jpg</path>
  <source>
    <database>Unknown</database>
  </source>
  <size>
    <width>889</width>
    <height>795</height>
    <depth>3</depth>
  </size>
  <segmented>0</segmented>
  <object>
    <name>heading</name>
    <pose>Unspecified</pose>
    <truncated>0</truncated>
    <difficult>0</difficult>
    <bndbox>
      <xmin>6</xmin>
      <ymin>39</ymin>
      <xmax>755</xmax>
      <ymax>121</ymax>
    </bndbox>
  </object>
</annotation>
