<annotation>
  <folder>input</folder>
  <filename>img33.jpg</filename>
  <path>C:\Users\shabd\Downloads\OpenLabeling-master\OpenLabeling-master\main\input\img33.jpg</path>
  <source>
    <database>Unknown</database>
  </source>
  <size>
    <width>853</width>
    <height>769</height>
    <depth>3</depth>
  </size>
  <segmented>0</segmented>
  <object>
    <name>heading</name>
    <pose>Unspecified</pose>
    <truncated>0</truncated>
    <difficult>0</difficult>
    <bndbox>
      <xmin>51</xmin>
      <ymin>292</ymin>
      <xmax>806</xmax>
      <ymax>366</ymax>
    </bndbox>
  </object>
</annotation>
