<annotation>
  <folder>input</folder>
  <filename>img39.jpg</filename>
  <path>C:\Users\shabd\Downloads\OpenLabeling-master\OpenLabeling-master\main\input\img39.jpg</path>
  <source>
    <database>Unknown</database>
  </source>
  <size>
    <width>807</width>
    <height>835</height>
    <depth>3</depth>
  </size>
  <segmented>0</segmented>
  <object>
    <name>heading</name>
    <pose>Unspecified</pose>
    <truncated>0</truncated>
    <difficult>0</difficult>
    <bndbox>
      <xmin>12</xmin>
      <ymin>33</ymin>
      <xmax>770</xmax>
      <ymax>112</ymax>
    </bndbox>
  </object>
</annotation>
