<annotation>
  <folder>input</folder>
  <filename>img3.jpg</filename>
  <path>C:\Users\shabd\Downloads\OpenLabeling-master\OpenLabeling-master\main\input\img3.jpg</path>
  <source>
    <database>Unknown</database>
  </source>
  <size>
    <width>916</width>
    <height>814</height>
    <depth>3</depth>
  </size>
  <segmented>0</segmented>
  <object>
    <name>heading</name>
    <pose>Unspecified</pose>
    <truncated>0</truncated>
    <difficult>0</difficult>
    <bndbox>
      <xmin>38</xmin>
      <ymin>22</ymin>
      <xmax>711</xmax>
      <ymax>101</ymax>
    </bndbox>
  </object>
</annotation>
