<annotation>
  <folder>input</folder>
  <filename>img35.jpg</filename>
  <path>C:\Users\shabd\Downloads\OpenLabeling-master\OpenLabeling-master\main\input\img35.jpg</path>
  <source>
    <database>Unknown</database>
  </source>
  <size>
    <width>790</width>
    <height>826</height>
    <depth>3</depth>
  </size>
  <segmented>0</segmented>
  <object>
    <name>heading</name>
    <pose>Unspecified</pose>
    <truncated>0</truncated>
    <difficult>0</difficult>
    <bndbox>
      <xmin>57</xmin>
      <ymin>43</ymin>
      <xmax>769</xmax>
      <ymax>131</ymax>
    </bndbox>
  </object>
</annotation>
