<annotation>
  <folder>input</folder>
  <filename>img31.jpg</filename>
  <path>C:\Users\shabd\Downloads\OpenLabeling-master\OpenLabeling-master\main\input\img31.jpg</path>
  <source>
    <database>Unknown</database>
  </source>
  <size>
    <width>889</width>
    <height>798</height>
    <depth>3</depth>
  </size>
  <segmented>0</segmented>
  <object>
    <name>heading</name>
    <pose>Unspecified</pose>
    <truncated>0</truncated>
    <difficult>0</difficult>
    <bndbox>
      <xmin>24</xmin>
      <ymin>34</ymin>
      <xmax>759</xmax>
      <ymax>112</ymax>
    </bndbox>
  </object>
</annotation>
