<annotation>
  <folder>input</folder>
  <filename>img38.jpg</filename>
  <path>C:\Users\shabd\Downloads\OpenLabeling-master\OpenLabeling-master\main\input\img38.jpg</path>
  <source>
    <database>Unknown</database>
  </source>
  <size>
    <width>871</width>
    <height>834</height>
    <depth>3</depth>
  </size>
  <segmented>0</segmented>
  <object>
    <name>heading</name>
    <pose>Unspecified</pose>
    <truncated>0</truncated>
    <difficult>0</difficult>
    <bndbox>
      <xmin>82</xmin>
      <ymin>76</ymin>
      <xmax>858</xmax>
      <ymax>172</ymax>
    </bndbox>
  </object>
</annotation>
