<annotation>
  <folder>input</folder>
  <filename>img47.jpg</filename>
  <path>C:\Users\shabd\Downloads\OpenLabeling-master\OpenLabeling-master\main\input\img47.jpg</path>
  <source>
    <database>Unknown</database>
  </source>
  <size>
    <width>610</width>
    <height>780</height>
    <depth>3</depth>
  </size>
  <segmented>0</segmented>
  <object>
    <name>heading</name>
    <pose>Unspecified</pose>
    <truncated>0</truncated>
    <difficult>0</difficult>
    <bndbox>
      <xmin>13</xmin>
      <ymin>5</ymin>
      <xmax>608</xmax>
      <ymax>92</ymax>
    </bndbox>
  </object>
</annotation>
