<annotation>
  <folder>input</folder>
  <filename>img4.jpg</filename>
  <path>C:\Users\shabd\Downloads\OpenLabeling-master\OpenLabeling-master\main\input\img4.jpg</path>
  <source>
    <database>Unknown</database>
  </source>
  <size>
    <width>1050</width>
    <height>847</height>
    <depth>3</depth>
  </size>
  <segmented>0</segmented>
  <object>
    <name>heading</name>
    <pose>Unspecified</pose>
    <truncated>0</truncated>
    <difficult>0</difficult>
    <bndbox>
      <xmin>108</xmin>
      <ymin>85</ymin>
      <xmax>936</xmax>
      <ymax>178</ymax>
    </bndbox>
  </object>
</annotation>
