<annotation>
  <folder>input</folder>
  <filename>img49.jpg</filename>
  <path>C:\Users\shabd\Downloads\OpenLabeling-master\OpenLabeling-master\main\input\img49.jpg</path>
  <source>
    <database>Unknown</database>
  </source>
  <size>
    <width>727</width>
    <height>778</height>
    <depth>3</depth>
  </size>
  <segmented>0</segmented>
  <object>
    <name>heading</name>
    <pose>Unspecified</pose>
    <truncated>0</truncated>
    <difficult>0</difficult>
    <bndbox>
      <xmin>3</xmin>
      <ymin>3</ymin>
      <xmax>726</xmax>
      <ymax>82</ymax>
    </bndbox>
  </object>
</annotation>
