<annotation>
  <folder>input</folder>
  <filename>img41.jpg</filename>
  <path>C:\Users\shabd\Downloads\OpenLabeling-master\OpenLabeling-master\main\input\img41.jpg</path>
  <source>
    <database>Unknown</database>
  </source>
  <size>
    <width>829</width>
    <height>772</height>
    <depth>3</depth>
  </size>
  <segmented>0</segmented>
  <object>
    <name>heading</name>
    <pose>Unspecified</pose>
    <truncated>0</truncated>
    <difficult>0</difficult>
    <bndbox>
      <xmin>32</xmin>
      <ymin>40</ymin>
      <xmax>773</xmax>
      <ymax>120</ymax>
    </bndbox>
  </object>
</annotation>
