<annotation>
  <folder>input</folder>
  <filename>img45.jpg</filename>
  <path>C:\Users\shabd\Downloads\OpenLabeling-master\OpenLabeling-master\main\input\img45.jpg</path>
  <source>
    <database>Unknown</database>
  </source>
  <size>
    <width>721</width>
    <height>811</height>
    <depth>3</depth>
  </size>
  <segmented>0</segmented>
  <object>
    <name>heading</name>
    <pose>Unspecified</pose>
    <truncated>0</truncated>
    <difficult>0</difficult>
    <bndbox>
      <xmin>4</xmin>
      <ymin>7</ymin>
      <xmax>720</xmax>
      <ymax>79</ymax>
    </bndbox>
  </object>
</annotation>
