<annotation>
  <folder>input</folder>
  <filename>img48.jpg</filename>
  <path>C:\Users\shabd\Downloads\OpenLabeling-master\OpenLabeling-master\main\input\img48.jpg</path>
  <source>
    <database>Unknown</database>
  </source>
  <size>
    <width>777</width>
    <height>768</height>
    <depth>3</depth>
  </size>
  <segmented>0</segmented>
  <object>
    <name>heading</name>
    <pose>Unspecified</pose>
    <truncated>0</truncated>
    <difficult>0</difficult>
    <bndbox>
      <xmin>43</xmin>
      <ymin>22</ymin>
      <xmax>751</xmax>
      <ymax>105</ymax>
    </bndbox>
  </object>
</annotation>
