<annotation>
  <folder>input</folder>
  <filename>img46.jpg</filename>
  <path>C:\Users\shabd\Downloads\OpenLabeling-master\OpenLabeling-master\main\input\img46.jpg</path>
  <source>
    <database>Unknown</database>
  </source>
  <size>
    <width>691</width>
    <height>772</height>
    <depth>3</depth>
  </size>
  <segmented>0</segmented>
  <object>
    <name>heading</name>
    <pose>Unspecified</pose>
    <truncated>0</truncated>
    <difficult>0</difficult>
    <bndbox>
      <xmin>10</xmin>
      <ymin>29</ymin>
      <xmax>690</xmax>
      <ymax>108</ymax>
    </bndbox>
  </object>
</annotation>
