<annotation>
  <folder>input</folder>
  <filename>img55.jpg</filename>
  <path>C:\Users\shabd\Downloads\OpenLabeling-master\OpenLabeling-master\main\input\img55.jpg</path>
  <source>
    <database>Unknown</database>
  </source>
  <size>
    <width>732</width>
    <height>792</height>
    <depth>3</depth>
  </size>
  <segmented>0</segmented>
  <object>
    <name>heading</name>
    <pose>Unspecified</pose>
    <truncated>0</truncated>
    <difficult>0</difficult>
    <bndbox>
      <xmin>26</xmin>
      <ymin>37</ymin>
      <xmax>731</xmax>
      <ymax>128</ymax>
    </bndbox>
  </object>
</annotation>
