<annotation>
  <folder>input</folder>
  <filename>img57.jpg</filename>
  <path>C:\Users\shabd\Downloads\OpenLabeling-master\OpenLabeling-master\main\input\img57.jpg</path>
  <source>
    <database>Unknown</database>
  </source>
  <size>
    <width>745</width>
    <height>820</height>
    <depth>3</depth>
  </size>
  <segmented>0</segmented>
  <object>
    <name>heading</name>
    <pose>Unspecified</pose>
    <truncated>0</truncated>
    <difficult>0</difficult>
    <bndbox>
      <xmin>15</xmin>
      <ymin>22</ymin>
      <xmax>744</xmax>
      <ymax>106</ymax>
    </bndbox>
  </object>
</annotation>
