<annotation>
  <folder>input</folder>
  <filename>img56.jpg</filename>
  <path>C:\Users\shabd\Downloads\OpenLabeling-master\OpenLabeling-master\main\input\img56.jpg</path>
  <source>
    <database>Unknown</database>
  </source>
  <size>
    <width>766</width>
    <height>799</height>
    <depth>3</depth>
  </size>
  <segmented>0</segmented>
  <object>
    <name>heading</name>
    <pose>Unspecified</pose>
    <truncated>0</truncated>
    <difficult>0</difficult>
    <bndbox>
      <xmin>25</xmin>
      <ymin>33</ymin>
      <xmax>765</xmax>
      <ymax>122</ymax>
    </bndbox>
  </object>
</annotation>
