<annotation>
  <folder>input</folder>
  <filename>img58.jpg</filename>
  <path>C:\Users\shabd\Downloads\OpenLabeling-master\OpenLabeling-master\main\input\img58.jpg</path>
  <source>
    <database>Unknown</database>
  </source>
  <size>
    <width>778</width>
    <height>757</height>
    <depth>3</depth>
  </size>
  <segmented>0</segmented>
  <object>
    <name>heading</name>
    <pose>Unspecified</pose>
    <truncated>0</truncated>
    <difficult>0</difficult>
    <bndbox>
      <xmin>30</xmin>
      <ymin>46</ymin>
      <xmax>776</xmax>
      <ymax>93</ymax>
    </bndbox>
  </object>
</annotation>
