<annotation>
  <folder>input</folder>
  <filename>img53.jpg</filename>
  <path>C:\Users\shabd\Downloads\OpenLabeling-master\OpenLabeling-master\main\input\img53.jpg</path>
  <source>
    <database>Unknown</database>
  </source>
  <size>
    <width>754</width>
    <height>730</height>
    <depth>3</depth>
  </size>
  <segmented>0</segmented>
  <object>
    <name>heading</name>
    <pose>Unspecified</pose>
    <truncated>0</truncated>
    <difficult>0</difficult>
    <bndbox>
      <xmin>26</xmin>
      <ymin>11</ymin>
      <xmax>751</xmax>
      <ymax>99</ymax>
    </bndbox>
  </object>
</annotation>
