<annotation>
  <folder>input</folder>
  <filename>img54.jpg</filename>
  <path>C:\Users\shabd\Downloads\OpenLabeling-master\OpenLabeling-master\main\input\img54.jpg</path>
  <source>
    <database>Unknown</database>
  </source>
  <size>
    <width>753</width>
    <height>784</height>
    <depth>3</depth>
  </size>
  <segmented>0</segmented>
  <object>
    <name>heading</name>
    <pose>Unspecified</pose>
    <truncated>0</truncated>
    <difficult>0</difficult>
    <bndbox>
      <xmin>22</xmin>
      <ymin>16</ymin>
      <xmax>743</xmax>
      <ymax>105</ymax>
    </bndbox>
  </object>
</annotation>
