<annotation>
  <folder>input</folder>
  <filename>img62.jpg</filename>
  <path>C:\Users\shabd\Downloads\OpenLabeling-master\OpenLabeling-master\main\input\img62.jpg</path>
  <source>
    <database>Unknown</database>
  </source>
  <size>
    <width>793</width>
    <height>793</height>
    <depth>3</depth>
  </size>
  <segmented>0</segmented>
  <object>
    <name>heading</name>
    <pose>Unspecified</pose>
    <truncated>0</truncated>
    <difficult>0</difficult>
    <bndbox>
      <xmin>39</xmin>
      <ymin>10</ymin>
      <xmax>792</xmax>
      <ymax>94</ymax>
    </bndbox>
  </object>
</annotation>
