<annotation>
  <folder>input</folder>
  <filename>img74.jpg</filename>
  <path>C:\Users\shabd\Downloads\OpenLabeling-master\OpenLabeling-master\main\input\img74.jpg</path>
  <source>
    <database>Unknown</database>
  </source>
  <size>
    <width>717</width>
    <height>705</height>
    <depth>3</depth>
  </size>
  <segmented>0</segmented>
  <object>
    <name>heading</name>
    <pose>Unspecified</pose>
    <truncated>0</truncated>
    <difficult>0</difficult>
    <bndbox>
      <xmin>4</xmin>
      <ymin>12</ymin>
      <xmax>700</xmax>
      <ymax>94</ymax>
    </bndbox>
  </object>
</annotation>
