<annotation>
  <folder>input</folder>
  <filename>img73.jpg</filename>
  <path>C:\Users\shabd\Downloads\OpenLabeling-master\OpenLabeling-master\main\input\img73.jpg</path>
  <source>
    <database>Unknown</database>
  </source>
  <size>
    <width>1195</width>
    <height>679</height>
    <depth>3</depth>
  </size>
  <segmented>0</segmented>
  <object>
    <name>heading</name>
    <pose>Unspecified</pose>
    <truncated>0</truncated>
    <difficult>0</difficult>
    <bndbox>
      <xmin>7</xmin>
      <ymin>27</ymin>
      <xmax>336</xmax>
      <ymax>74</ymax>
    </bndbox>
  </object>
</annotation>
