<annotation>
  <folder>input</folder>
  <filename>img70.jpg</filename>
  <path>C:\Users\shabd\Downloads\OpenLabeling-master\OpenLabeling-master\main\input\img70.jpg</path>
  <source>
    <database>Unknown</database>
  </source>
  <size>
    <width>801</width>
    <height>742</height>
    <depth>3</depth>
  </size>
  <segmented>0</segmented>
  <object>
    <name>heading</name>
    <pose>Unspecified</pose>
    <truncated>0</truncated>
    <difficult>0</difficult>
    <bndbox>
      <xmin>26</xmin>
      <ymin>36</ymin>
      <xmax>784</xmax>
      <ymax>91</ymax>
    </bndbox>
  </object>
</annotation>
