<annotation>
  <folder>input</folder>
  <filename>img76.jpg</filename>
  <path>C:\Users\shabd\Downloads\OpenLabeling-master\OpenLabeling-master\main\input\img76.jpg</path>
  <source>
    <database>Unknown</database>
  </source>
  <size>
    <width>466</width>
    <height>709</height>
    <depth>3</depth>
  </size>
  <segmented>0</segmented>
  <object>
    <name>heading</name>
    <pose>Unspecified</pose>
    <truncated>0</truncated>
    <difficult>0</difficult>
    <bndbox>
      <xmin>5</xmin>
      <ymin>6</ymin>
      <xmax>450</xmax>
      <ymax>43</ymax>
    </bndbox>
  </object>
</annotation>
