<annotation>
  <folder>input</folder>
  <filename>img79.jpg</filename>
  <path>C:\Users\shabd\Downloads\OpenLabeling-master\OpenLabeling-master\main\input\img79.jpg</path>
  <source>
    <database>Unknown</database>
  </source>
  <size>
    <width>733</width>
    <height>817</height>
    <depth>3</depth>
  </size>
  <segmented>0</segmented>
  <object>
    <name>heading</name>
    <pose>Unspecified</pose>
    <truncated>0</truncated>
    <difficult>0</difficult>
    <bndbox>
      <xmin>24</xmin>
      <ymin>8</ymin>
      <xmax>726</xmax>
      <ymax>131</ymax>
    </bndbox>
  </object>
</annotation>
