<annotation>
  <folder>input</folder>
  <filename>img72.jpg</filename>
  <path>C:\Users\shabd\Downloads\OpenLabeling-master\OpenLabeling-master\main\input\img72.jpg</path>
  <source>
    <database>Unknown</database>
  </source>
  <size>
    <width>717</width>
    <height>697</height>
    <depth>3</depth>
  </size>
  <segmented>0</segmented>
  <object>
    <name>heading</name>
    <pose>Unspecified</pose>
    <truncated>0</truncated>
    <difficult>0</difficult>
    <bndbox>
      <xmin>11</xmin>
      <ymin>86</ymin>
      <xmax>571</xmax>
      <ymax>199</ymax>
    </bndbox>
  </object>
</annotation>
