<annotation>
  <folder>input</folder>
  <filename>img78.jpg</filename>
  <path>C:\Users\shabd\Downloads\OpenLabeling-master\OpenLabeling-master\main\input\img78.jpg</path>
  <source>
    <database>Unknown</database>
  </source>
  <size>
    <width>703</width>
    <height>838</height>
    <depth>3</depth>
  </size>
  <segmented>0</segmented>
  <object>
    <name>heading</name>
    <pose>Unspecified</pose>
    <truncated>0</truncated>
    <difficult>0</difficult>
    <bndbox>
      <xmin>7</xmin>
      <ymin>14</ymin>
      <xmax>702</xmax>
      <ymax>172</ymax>
    </bndbox>
  </object>
</annotation>
