<annotation>
  <folder>input</folder>
  <filename>img77.jpg</filename>
  <path>C:\Users\shabd\Downloads\OpenLabeling-master\OpenLabeling-master\main\input\img77.jpg</path>
  <source>
    <database>Unknown</database>
  </source>
  <size>
    <width>931</width>
    <height>772</height>
    <depth>3</depth>
  </size>
  <segmented>0</segmented>
  <object>
    <name>heading</name>
    <pose>Unspecified</pose>
    <truncated>0</truncated>
    <difficult>0</difficult>
    <bndbox>
      <xmin>6</xmin>
      <ymin>0</ymin>
      <xmax>930</xmax>
      <ymax>74</ymax>
    </bndbox>
  </object>
</annotation>
