<annotation>
  <folder>input</folder>
  <filename>img87.jpg</filename>
  <path>C:\Users\shabd\Downloads\OpenLabeling-master\OpenLabeling-master\main\input\img87.jpg</path>
  <source>
    <database>Unknown</database>
  </source>
  <size>
    <width>781</width>
    <height>769</height>
    <depth>3</depth>
  </size>
  <segmented>0</segmented>
  <object>
    <name>heading</name>
    <pose>Unspecified</pose>
    <truncated>0</truncated>
    <difficult>0</difficult>
    <bndbox>
      <xmin>10</xmin>
      <ymin>10</ymin>
      <xmax>744</xmax>
      <ymax>122</ymax>
    </bndbox>
  </object>
</annotation>
