<annotation>
  <folder>input</folder>
  <filename>img89.jpg</filename>
  <path>C:\Users\shabd\Downloads\OpenLabeling-master\OpenLabeling-master\main\input\img89.jpg</path>
  <source>
    <database>Unknown</database>
  </source>
  <size>
    <width>1018</width>
    <height>660</height>
    <depth>3</depth>
  </size>
  <segmented>0</segmented>
  <object>
    <name>heading</name>
    <pose>Unspecified</pose>
    <truncated>0</truncated>
    <difficult>0</difficult>
    <bndbox>
      <xmin>23</xmin>
      <ymin>4</ymin>
      <xmax>1012</xmax>
      <ymax>86</ymax>
    </bndbox>
  </object>
</annotation>
