<annotation>
  <folder>input</folder>
  <filename>img85.jpg</filename>
  <path>C:\Users\shabd\Downloads\OpenLabeling-master\OpenLabeling-master\main\input\img85.jpg</path>
  <source>
    <database>Unknown</database>
  </source>
  <size>
    <width>1003</width>
    <height>604</height>
    <depth>3</depth>
  </size>
  <segmented>0</segmented>
  <object>
    <name>heading</name>
    <pose>Unspecified</pose>
    <truncated>0</truncated>
    <difficult>0</difficult>
    <bndbox>
      <xmin>5</xmin>
      <ymin>11</ymin>
      <xmax>943</xmax>
      <ymax>331</ymax>
    </bndbox>
  </object>
</annotation>
