<annotation>
  <folder>input</folder>
  <filename>img8.jpg</filename>
  <path>C:\Users\shabd\Downloads\OpenLabeling-master\OpenLabeling-master\main\input\img8.jpg</path>
  <source>
    <database>Unknown</database>
  </source>
  <size>
    <width>916</width>
    <height>805</height>
    <depth>3</depth>
  </size>
  <segmented>0</segmented>
  <object>
    <name>heading</name>
    <pose>Unspecified</pose>
    <truncated>0</truncated>
    <difficult>0</difficult>
    <bndbox>
      <xmin>692</xmin>
      <ymin>74</ymin>
      <xmax>698</xmax>
      <ymax>74</ymax>
    </bndbox>
  </object>
  <object>
    <name>heading</name>
    <pose>Unspecified</pose>
    <truncated>0</truncated>
    <difficult>0</difficult>
    <bndbox>
      <xmin>22</xmin>
      <ymin>27</ymin>
      <xmax>676</xmax>
      <ymax>107</ymax>
    </bndbox>
  </object>
</annotation>
