<annotation>
  <folder>input</folder>
  <filename>img88.jpg</filename>
  <path>C:\Users\shabd\Downloads\OpenLabeling-master\OpenLabeling-master\main\input\img88.jpg</path>
  <source>
    <database>Unknown</database>
  </source>
  <size>
    <width>916</width>
    <height>549</height>
    <depth>3</depth>
  </size>
  <segmented>0</segmented>
  <object>
    <name>heading</name>
    <pose>Unspecified</pose>
    <truncated>0</truncated>
    <difficult>0</difficult>
    <bndbox>
      <xmin>21</xmin>
      <ymin>9</ymin>
      <xmax>868</xmax>
      <ymax>137</ymax>
    </bndbox>
  </object>
</annotation>
