<annotation>
  <folder>input</folder>
  <filename>img94.jpg</filename>
  <path>C:\Users\shabd\Downloads\OpenLabeling-master\OpenLabeling-master\main\input\img94.jpg</path>
  <source>
    <database>Unknown</database>
  </source>
  <size>
    <width>343</width>
    <height>448</height>
    <depth>3</depth>
  </size>
  <segmented>0</segmented>
  <object>
    <name>heading</name>
    <pose>Unspecified</pose>
    <truncated>0</truncated>
    <difficult>0</difficult>
    <bndbox>
      <xmin>80</xmin>
      <ymin>24</ymin>
      <xmax>192</xmax>
      <ymax>61</ymax>
    </bndbox>
  </object>
</annotation>
