<annotation>
  <folder>input</folder>
  <filename>img96.jpg</filename>
  <path>C:\Users\shabd\Downloads\OpenLabeling-master\OpenLabeling-master\main\input\img96.jpg</path>
  <source>
    <database>Unknown</database>
  </source>
  <size>
    <width>585</width>
    <height>355</height>
    <depth>3</depth>
  </size>
  <segmented>0</segmented>
  <object>
    <name>heading</name>
    <pose>Unspecified</pose>
    <truncated>0</truncated>
    <difficult>0</difficult>
    <bndbox>
      <xmin>285</xmin>
      <ymin>84</ymin>
      <xmax>468</xmax>
      <ymax>175</ymax>
    </bndbox>
  </object>
</annotation>
