<annotation>
  <folder>input</folder>
  <filename>img93.jpg</filename>
  <path>C:\Users\shabd\Downloads\OpenLabeling-master\OpenLabeling-master\main\input\img93.jpg</path>
  <source>
    <database>Unknown</database>
  </source>
  <size>
    <width>798</width>
    <height>825</height>
    <depth>3</depth>
  </size>
  <segmented>0</segmented>
  <object>
    <name>heading</name>
    <pose>Unspecified</pose>
    <truncated>0</truncated>
    <difficult>0</difficult>
    <bndbox>
      <xmin>10</xmin>
      <ymin>8</ymin>
      <xmax>794</xmax>
      <ymax>63</ymax>
    </bndbox>
  </object>
</annotation>
