<annotation>
  <folder>input</folder>
  <filename>img95.jpg</filename>
  <path>C:\Users\shabd\Downloads\OpenLabeling-master\OpenLabeling-master\main\input\img95.jpg</path>
  <source>
    <database>Unknown</database>
  </source>
  <size>
    <width>346</width>
    <height>454</height>
    <depth>3</depth>
  </size>
  <segmented>0</segmented>
  <object>
    <name>heading</name>
    <pose>Unspecified</pose>
    <truncated>0</truncated>
    <difficult>0</difficult>
    <bndbox>
      <xmin>16</xmin>
      <ymin>11</ymin>
      <xmax>313</xmax>
      <ymax>77</ymax>
    </bndbox>
  </object>
</annotation>
