<annotation>
  <folder>input</folder>
  <filename>img99.jpg</filename>
  <path>C:\Users\shabd\Downloads\OpenLabeling-master\OpenLabeling-master\main\input\img99.jpg</path>
  <source>
    <database>Unknown</database>
  </source>
  <size>
    <width>433</width>
    <height>253</height>
    <depth>3</depth>
  </size>
  <segmented>0</segmented>
  <object>
    <name>heading</name>
    <pose>Unspecified</pose>
    <truncated>0</truncated>
    <difficult>0</difficult>
    <bndbox>
      <xmin>127</xmin>
      <ymin>9</ymin>
      <xmax>324</xmax>
      <ymax>32</ymax>
    </bndbox>
  </object>
</annotation>
