<annotation>
  <folder>input</folder>
  <filename>img90.jpg</filename>
  <path>C:\Users\shabd\Downloads\OpenLabeling-master\OpenLabeling-master\main\input\img90.jpg</path>
  <source>
    <database>Unknown</database>
  </source>
  <size>
    <width>742</width>
    <height>547</height>
    <depth>3</depth>
  </size>
  <segmented>0</segmented>
  <object>
    <name>heading</name>
    <pose>Unspecified</pose>
    <truncated>0</truncated>
    <difficult>0</difficult>
    <bndbox>
      <xmin>13</xmin>
      <ymin>1</ymin>
      <xmax>699</xmax>
      <ymax>60</ymax>
    </bndbox>
  </object>
</annotation>
