<annotation>
  <folder>input</folder>
  <filename>img98.jpg</filename>
  <path>C:\Users\shabd\Downloads\OpenLabeling-master\OpenLabeling-master\main\input\img98.jpg</path>
  <source>
    <database>Unknown</database>
  </source>
  <size>
    <width>949</width>
    <height>493</height>
    <depth>3</depth>
  </size>
  <segmented>0</segmented>
  <object>
    <name>heading</name>
    <pose>Unspecified</pose>
    <truncated>0</truncated>
    <difficult>0</difficult>
    <bndbox>
      <xmin>13</xmin>
      <ymin>10</ymin>
      <xmax>945</xmax>
      <ymax>73</ymax>
    </bndbox>
  </object>
  <object>
    <name>heading</name>
    <pose>Unspecified</pose>
    <truncated>0</truncated>
    <difficult>0</difficult>
    <bndbox>
      <xmin>691</xmin>
      <ymin>119</ymin>
      <xmax>925</xmax>
      <ymax>156</ymax>
    </bndbox>
  </object>
  <object>
    <name>heading</name>
    <pose>Unspecified</pose>
    <truncated>0</truncated>
    <difficult>0</difficult>
    <bndbox>
      <xmin>283</xmin>
      <ymin>350</ymin>
      <xmax>657</xmax>
      <ymax>394</ymax>
    </bndbox>
  </object>
</annotation>
