<annotation>
  <folder>input</folder>
  <filename>img9.jpg</filename>
  <path>C:\Users\shabd\Downloads\OpenLabeling-master\OpenLabeling-master\main\input\img9.jpg</path>
  <source>
    <database>Unknown</database>
  </source>
  <size>
    <width>906</width>
    <height>787</height>
    <depth>3</depth>
  </size>
  <segmented>0</segmented>
  <object>
    <name>heading</name>
    <pose>Unspecified</pose>
    <truncated>0</truncated>
    <difficult>0</difficult>
    <bndbox>
      <xmin>21</xmin>
      <ymin>5</ymin>
      <xmax>745</xmax>
      <ymax>64</ymax>
    </bndbox>
  </object>
  <object>
    <name>heading</name>
    <pose>Unspecified</pose>
    <truncated>0</truncated>
    <difficult>0</difficult>
    <bndbox>
      <xmin>341</xmin>
      <ymin>19</ymin>
      <xmax>745</xmax>
      <ymax>65</ymax>
    </bndbox>
  </object>
  <object>
    <name>heading</name>
    <pose>Unspecified</pose>
    <truncated>0</truncated>
    <difficult>0</difficult>
    <bndbox>
      <xmin>15</xmin>
      <ymin>12</ymin>
      <xmax>40</xmax>
      <ymax>62</ymax>
    </bndbox>
  </object>
</annotation>
