<annotation>
	<folder>my-project-name</folder>
	<filename>Screenshot_2023-03-31-09-09-56-13_40deb401b9ffe8e1df2f1cc5ba480b12.jpg</filename>
	<path>/my-project-name/Screenshot_2023-03-31-09-09-56-13_40deb401b9ffe8e1df2f1cc5ba480b12.jpg</path>
	<source>
		<database>Unspecified</database>
	</source>
	<size>
		<width>1080</width>
		<height>2400</height>
		<depth>3</depth>
	</size>
	<object>
		<name>Heading</name>
		<pose>Unspecified</pose>
		<truncated>0</truncated>
		<difficult>0</difficult>
		<bndbox>
			<xmin>130</xmin>
			<ymin>312</ymin>
			<xmax>770</xmax>
			<ymax>430</ymax>
		</bndbox>
	</object>
	<object>
		<name>Heading</name>
		<pose>Unspecified</pose>
		<truncated>0</truncated>
		<difficult>0</difficult>
		<bndbox>
			<xmin>28</xmin>
			<ymin>640</ymin>
			<xmax>1034</xmax>
			<ymax>1060</ymax>
		</bndbox>
	</object>
</annotation>