<annotation>
	<folder>my-project-name</folder>
	<filename>Screenshot_2023-03-30-09-50-23-37_40deb401b9ffe8e1df2f1cc5ba480b12.jpg</filename>
	<path>/my-project-name/Screenshot_2023-03-30-09-50-23-37_40deb401b9ffe8e1df2f1cc5ba480b12.jpg</path>
	<source>
		<database>Unspecified</database>
	</source>
	<size>
		<width>1080</width>
		<height>2400</height>
		<depth>3</depth>
	</size>
	<object>
		<name>Heading</name>
		<pose>Unspecified</pose>
		<truncated>0</truncated>
		<difficult>0</difficult>
		<bndbox>
			<xmin>23</xmin>
			<ymin>603</ymin>
			<xmax>986</xmax>
			<ymax>958</ymax>
		</bndbox>
	</object>
	<object>
		<name>Heading</name>
		<pose>Unspecified</pose>
		<truncated>0</truncated>
		<difficult>0</difficult>
		<bndbox>
			<xmin>44</xmin>
			<ymin>436</ymin>
			<xmax>318</xmax>
			<ymax>549</ymax>
		</bndbox>
	</object>
</annotation>