<annotation>
	<folder>my-project-name</folder>
	<filename>Screenshot_2023-03-22-10-28-53-40_577d3fb6a74f2f15839a6cd01d5168cd.jpg</filename>
	<path>/my-project-name/Screenshot_2023-03-22-10-28-53-40_577d3fb6a74f2f15839a6cd01d5168cd.jpg</path>
	<source>
		<database>Unspecified</database>
	</source>
	<size>
		<width>1080</width>
		<height>2400</height>
		<depth>3</depth>
	</size>
	<object>
		<name>Heading</name>
		<pose>Unspecified</pose>
		<truncated>0</truncated>
		<difficult>0</difficult>
		<bndbox>
			<xmin>270</xmin>
			<ymin>248</ymin>
			<xmax>873</xmax>
			<ymax>371</ymax>
		</bndbox>
	</object>
	<object>
		<name>Heading</name>
		<pose>Unspecified</pose>
		<truncated>0</truncated>
		<difficult>0</difficult>
		<bndbox>
			<xmin>23</xmin>
			<ymin>414</ymin>
			<xmax>1061</xmax>
			<ymax>872</ymax>
		</bndbox>
	</object>
</annotation>