<annotation>
	<folder>my-project-name</folder>
	<filename>Screenshot_2023-03-31-09-16-56-88_680d03679600f7af0b4c700c6b270fe7.jpg</filename>
	<path>/my-project-name/Screenshot_2023-03-31-09-16-56-88_680d03679600f7af0b4c700c6b270fe7.jpg</path>
	<source>
		<database>Unspecified</database>
	</source>
	<size>
		<width>1080</width>
		<height>2400</height>
		<depth>3</depth>
	</size>
	<object>
		<name>Heading</name>
		<pose>Unspecified</pose>
		<truncated>0</truncated>
		<difficult>0</difficult>
		<bndbox>
			<xmin>119</xmin>
			<ymin>1593</ymin>
			<xmax>873</xmax>
			<ymax>2034</ymax>
		</bndbox>
	</object>
</annotation>