<annotation>
	<folder>my-project-name</folder>
	<filename>Screenshot_2023-03-28-22-50-07-81_54063fc6848ac98a54ce5f2a63661433.jpg</filename>
	<path>/my-project-name/Screenshot_2023-03-28-22-50-07-81_54063fc6848ac98a54ce5f2a63661433.jpg</path>
	<source>
		<database>Unspecified</database>
	</source>
	<size>
		<width>1080</width>
		<height>2400</height>
		<depth>3</depth>
	</size>
	<object>
		<name>Heading</name>
		<pose>Unspecified</pose>
		<truncated>0</truncated>
		<difficult>0</difficult>
		<bndbox>
			<xmin>205</xmin>
			<ymin>463</ymin>
			<xmax>932</xmax>
			<ymax>603</ymax>
		</bndbox>
	</object>
	<object>
		<name>Heading</name>
		<pose>Unspecified</pose>
		<truncated>0</truncated>
		<difficult>0</difficult>
		<bndbox>
			<xmin>157</xmin>
			<ymin>683</ymin>
			<xmax>496</xmax>
			<ymax>764</ymax>
		</bndbox>
	</object>
	<object>
		<name>Heading</name>
		<pose>Unspecified</pose>
		<truncated>0</truncated>
		<difficult>0</difficult>
		<bndbox>
			<xmin>205</xmin>
			<ymin>920</ymin>
			<xmax>776</xmax>
			<ymax>990</ymax>
		</bndbox>
	</object>
	<object>
		<name>Heading</name>
		<pose>Unspecified</pose>
		<truncated>0</truncated>
		<difficult>0</difficult>
		<bndbox>
			<xmin>205</xmin>
			<ymin>1141</ymin>
			<xmax>744</xmax>
			<ymax>1248</ymax>
		</bndbox>
	</object>
	<object>
		<name>Heading</name>
		<pose>Unspecified</pose>
		<truncated>0</truncated>
		<difficult>0</difficult>
		<bndbox>
			<xmin>173</xmin>
			<ymin>1356</ymin>
			<xmax>819</xmax>
			<ymax>1437</ymax>
		</bndbox>
	</object>
	<object>
		<name>Heading</name>
		<pose>Unspecified</pose>
		<truncated>0</truncated>
		<difficult>0</difficult>
		<bndbox>
			<xmin>189</xmin>
			<ymin>1571</ymin>
			<xmax>830</xmax>
			<ymax>1674</ymax>
		</bndbox>
	</object>
	<object>
		<name>Heading</name>
		<pose>Unspecified</pose>
		<truncated>0</truncated>
		<difficult>0</difficult>
		<bndbox>
			<xmin>152</xmin>
			<ymin>1932</ymin>
			<xmax>690</xmax>
			<ymax>2007</ymax>
		</bndbox>
	</object>
</annotation>