<annotation>
	<folder>my-project-name</folder>
	<filename>Screenshot_2023-03-26-15-50-41-35_40deb401b9ffe8e1df2f1cc5ba480b12.jpg</filename>
	<path>/my-project-name/Screenshot_2023-03-26-15-50-41-35_40deb401b9ffe8e1df2f1cc5ba480b12.jpg</path>
	<source>
		<database>Unspecified</database>
	</source>
	<size>
		<width>1080</width>
		<height>2400</height>
		<depth>3</depth>
	</size>
	<object>
		<name>Heading</name>
		<pose>Unspecified</pose>
		<truncated>0</truncated>
		<difficult>0</difficult>
		<bndbox>
			<xmin>1</xmin>
			<ymin>667</ymin>
			<xmax>1080</xmax>
			<ymax>1012</ymax>
		</bndbox>
	</object>
	<object>
		<name>Heading</name>
		<pose>Unspecified</pose>
		<truncated>0</truncated>
		<difficult>0</difficult>
		<bndbox>
			<xmin>119</xmin>
			<ymin>258</ymin>
			<xmax>362</xmax>
			<ymax>393</ymax>
		</bndbox>
	</object>
</annotation>