<annotation>
	<folder>my-project-name</folder>
	<filename>Screenshot_2023-03-30-12-11-11-91_40deb401b9ffe8e1df2f1cc5ba480b12.jpg</filename>
	<path>/my-project-name/Screenshot_2023-03-30-12-11-11-91_40deb401b9ffe8e1df2f1cc5ba480b12.jpg</path>
	<source>
		<database>Unspecified</database>
	</source>
	<size>
		<width>1080</width>
		<height>2400</height>
		<depth>3</depth>
	</size>
	<object>
		<name>Heading</name>
		<pose>Unspecified</pose>
		<truncated>0</truncated>
		<difficult>0</difficult>
		<bndbox>
			<xmin>28</xmin>
			<ymin>549</ymin>
			<xmax>1056</xmax>
			<ymax>829</ymax>
		</bndbox>
	</object>
	<object>
		<name>Heading</name>
		<pose>Unspecified</pose>
		<truncated>0</truncated>
		<difficult>0</difficult>
		<bndbox>
			<xmin>265</xmin>
			<ymin>301</ymin>
			<xmax>803</xmax>
			<ymax>447</ymax>
		</bndbox>
	</object>
	<object>
		<name>Heading</name>
		<pose>Unspecified</pose>
		<truncated>0</truncated>
		<difficult>0</difficult>
		<bndbox>
			<xmin>23</xmin>
			<ymin>1663</ymin>
			<xmax>1013</xmax>
			<ymax>1970</ymax>
		</bndbox>
	</object>
</annotation>