<annotation>
	<folder>my-project-name</folder>
	<filename>Screenshot_2023-03-22-10-28-15-16_577d3fb6a74f2f15839a6cd01d5168cd.jpg</filename>
	<path>/my-project-name/Screenshot_2023-03-22-10-28-15-16_577d3fb6a74f2f15839a6cd01d5168cd.jpg</path>
	<source>
		<database>Unspecified</database>
	</source>
	<size>
		<width>1080</width>
		<height>2400</height>
		<depth>3</depth>
	</size>
	<object>
		<name>Heading</name>
		<pose>Unspecified</pose>
		<truncated>0</truncated>
		<difficult>0</difficult>
		<bndbox>
			<xmin>146</xmin>
			<ymin>226</ymin>
			<xmax>684</xmax>
			<ymax>334</ymax>
		</bndbox>
	</object>
	<object>
		<name>Heading</name>
		<pose>Unspecified</pose>
		<truncated>0</truncated>
		<difficult>0</difficult>
		<bndbox>
			<xmin>44</xmin>
			<ymin>355</ymin>
			<xmax>1050</xmax>
			<ymax>549</ymax>
		</bndbox>
	</object>
</annotation>