<annotation>
	<folder>my-project-name</folder>
	<filename>Screenshot_2023-03-31-09-14-02-49_40deb401b9ffe8e1df2f1cc5ba480b12.jpg</filename>
	<path>/my-project-name/Screenshot_2023-03-31-09-14-02-49_40deb401b9ffe8e1df2f1cc5ba480b12.jpg</path>
	<source>
		<database>Unspecified</database>
	</source>
	<size>
		<width>1080</width>
		<height>2400</height>
		<depth>3</depth>
	</size>
	<object>
		<name>Heading</name>
		<pose>Unspecified</pose>
		<truncated>0</truncated>
		<difficult>0</difficult>
		<bndbox>
			<xmin>12</xmin>
			<ymin>506</ymin>
			<xmax>980</xmax>
			<ymax>850</ymax>
		</bndbox>
	</object>
	<object>
		<name>Heading</name>
		<pose>Unspecified</pose>
		<truncated>0</truncated>
		<difficult>0</difficult>
		<bndbox>
			<xmin>92</xmin>
			<ymin>258</ymin>
			<xmax>372</xmax>
			<ymax>382</ymax>
		</bndbox>
	</object>
</annotation>