<annotation>
	<folder>my-project-name</folder>
	<filename>Screenshot_2023-03-22-10-28-29-88_577d3fb6a74f2f15839a6cd01d5168cd.jpg</filename>
	<path>/my-project-name/Screenshot_2023-03-22-10-28-29-88_577d3fb6a74f2f15839a6cd01d5168cd.jpg</path>
	<source>
		<database>Unspecified</database>
	</source>
	<size>
		<width>1080</width>
		<height>2400</height>
		<depth>3</depth>
	</size>
	<object>
		<name>Heading</name>
		<pose>Unspecified</pose>
		<truncated>0</truncated>
		<difficult>0</difficult>
		<bndbox>
			<xmin>302</xmin>
			<ymin>204</ymin>
			<xmax>862</xmax>
			<ymax>334</ymax>
		</bndbox>
	</object>
	<object>
		<name>Heading</name>
		<pose>Unspecified</pose>
		<truncated>0</truncated>
		<difficult>0</difficult>
		<bndbox>
			<xmin>17</xmin>
			<ymin>387</ymin>
			<xmax>1066</xmax>
			<ymax>689</ymax>
		</bndbox>
	</object>
</annotation>