<annotation>
	<folder>my-project-name</folder>
	<filename>Screenshot_2023-03-22-10-29-41-59_577d3fb6a74f2f15839a6cd01d5168cd.jpg</filename>
	<path>/my-project-name/Screenshot_2023-03-22-10-29-41-59_577d3fb6a74f2f15839a6cd01d5168cd.jpg</path>
	<source>
		<database>Unspecified</database>
	</source>
	<size>
		<width>1080</width>
		<height>2400</height>
		<depth>3</depth>
	</size>
	<object>
		<name>Heading</name>
		<pose>Unspecified</pose>
		<truncated>0</truncated>
		<difficult>0</difficult>
		<bndbox>
			<xmin>98</xmin>
			<ymin>215</ymin>
			<xmax>431</xmax>
			<ymax>339</ymax>
		</bndbox>
	</object>
	<object>
		<name>Heading</name>
		<pose>Unspecified</pose>
		<truncated>0</truncated>
		<difficult>0</difficult>
		<bndbox>
			<xmin>49</xmin>
			<ymin>565</ymin>
			<xmax>1050</xmax>
			<ymax>807</ymax>
		</bndbox>
	</object>
</annotation>